Attacking_Touches_coef,Attacking_Touches_intercept
11.001497818687412,227.9536070434799
-7.252917071763169,227.9536070434799
